name,gender,total_word,total_char,first_name,mid_name,last_name
Abgpws Unjy,m,2,11,Abgpws,Unjy,
Abptu Xmapbed,f,2,13,Abptu,Xmapbed,
Abtna Pcgu,m,2,10,Abtna,Pcgu,
Acq Voiv,f,2,8,Acq,Voiv,
Acsg Dnrk,m,2,9,Acsg,Dnrk,
Admoo Wiwjvtb,f,2,13,Admoo,Wiwjvtb,
Advbuml Hnk,m,2,11,Advbuml,Hnk,
Aempjah Ebfmvju,f,2,15,Aempjah,Ebfmvju,
Agybca Ttsj,m,2,11,Agybca,Ttsj,
Agyrs Wamg,m,2,10,Agyrs,Wamg,
Ahiloxl Fsu,f,2,11,Ahiloxl,Fsu,
Ahmad Sulaiman Raja,m,3,19,Ahmad,Sulaiman,Raja
Ahqaqd Fxhgfrq,m,2,14,Ahqaqd,Fxhgfrq,
Aidd Erc,m,2,8,Aidd,Erc,
Akc Shcjcoa,m,2,11,Akc,Shcjcoa,
Akpp Qre,m,2,8,Akpp,Qre,
Akrhse Kynlhu,m,2,13,Akrhse,Kynlhu,
Akxs Dhlprem,m,2,12,Akxs,Dhlprem,
Akyboal Yznn,f,2,12,Akyboal,Yznn,
Amg Bycpq,m,2,9,Amg,Bycpq,
Amlq Mmnx,f,2,9,Amlq,Mmnx,
Amu Izx,m,2,7,Amu,Izx,
Aob Uzikhgk,m,2,11,Aob,Uzikhgk,
Apx Rtagup,m,2,10,Apx,Rtagup,
Aqooet Qvy,m,2,10,Aqooet,Qvy,
Aqza Eqyhhh,m,2,11,Aqza,Eqyhhh,
Auciegs Kex,f,2,11,Auciegs,Kex,
Avqahd Gaav,f,2,11,Avqahd,Gaav,
Avshz Cpcdf,f,2,11,Avshz,Cpcdf,
Awd Yofqom,m,2,10,Awd,Yofqom,
Awqp Gfok,f,2,9,Awqp,Gfok,
Axg Mntj,m,2,8,Axg,Mntj,
Axhwia Pcu,f,2,10,Axhwia,Pcu,
Ayxvwp Slz,m,2,10,Ayxvwp,Slz,
Azannp Lyanhx,m,2,13,Azannp,Lyanhx,
Azyrhlw Bys,m,2,11,Azyrhlw,Bys,
Bahaml Caz,f,2,10,Bahaml,Caz,
Bappayg Wzkoui,f,2,14,Bappayg,Wzkoui,
Bawg Cxqum,m,2,10,Bawg,Cxqum,
Bbzgfnr Eoxnkjz,m,2,15,Bbzgfnr,Eoxnkjz,
Bccwtj Lytgtp,f,2,13,Bccwtj,Lytgtp,
Bcvydnq Wzdez,m,2,13,Bcvydnq,Wzdez,
Bcwt Nhutsog,f,2,12,Bcwt,Nhutsog,
Bdr Orrrl,m,2,9,Bdr,Orrrl,
Becjs Ofnwzv,m,2,12,Becjs,Ofnwzv,
Bfam Vpnpxe,m,2,11,Bfam,Vpnpxe,
Bge Uhrlwvt,f,2,11,Bge,Uhrlwvt,
Bgvad Nyaxxy,f,2,12,Bgvad,Nyaxxy,
Bhralw Nxfvcyl,f,2,14,Bhralw,Nxfvcyl,
Bhz Lxa,f,2,7,Bhz,Lxa,
Bif Pdikjg,m,2,10,Bif,Pdikjg,
Bima Aditya Slamet,m,3,18,Bima,Aditya,Slamet
Biyqyd Gvqmq,m,2,12,Biyqyd,Gvqmq,
Bjqrtf Xtksa,m,2,12,Bjqrtf,Xtksa,
Bkxc Haol,m,2,9,Bkxc,Haol,
Boeyk Swa,m,2,9,Boeyk,Swa,
Bovt Sckf,f,2,9,Bovt,Sckf,
Boz Bktb,f,2,8,Boz,Bktb,
Bprrc Opfw,m,2,10,Bprrc,Opfw,
Bpupeau Bho,m,2,11,Bpupeau,Bho,
Bqpcn Xram,m,2,10,Bqpcn,Xram,
Bqpm Ixhar,f,2,10,Bqpm,Ixhar,
Brw Cygpn,f,2,9,Brw,Cygpn,
Bse Soqhr,m,2,9,Bse,Soqhr,
Bshegn Xjjpkki,f,2,14,Bshegn,Xjjpkki,
Bswb Lul,f,2,8,Bswb,Lul,
Btgx Sqwb,m,2,9,Btgx,Sqwb,
Btnfaop Sqwkqy,m,2,14,Btnfaop,Sqwkqy,
Btp Zfoeic,f,2,10,Btp,Zfoeic,
Btqafhf Ahlu,f,2,12,Btqafhf,Ahlu,
Buavb Qimhzr,m,2,12,Buavb,Qimhzr,
Budi Imam Idris,m,3,15,Budi,Imam,Idris
Bufso Sckfuua,m,2,13,Bufso,Sckfuua,
Burhan Saiful Taufik,m,3,20,Burhan,Saiful,Taufik
Bvhs Uoq,m,2,8,Bvhs,Uoq,
Bvlw Bvpq,f,2,9,Bvlw,Bvpq,
Bwaplz Lgf,f,2,10,Bwaplz,Lgf,
Bwejmi Dfxm,m,2,11,Bwejmi,Dfxm,
Bwnwz Bkrlvue,m,2,13,Bwnwz,Bkrlvue,
Bxgo Ulrrd,m,2,10,Bxgo,Ulrrd,
Byrv Sufdn,m,2,10,Byrv,Sufdn,
Bzv Xqvtovs,m,2,11,Bzv,Xqvtovs,
Cai Iil,m,2,7,Cai,Iil,
Cam Bep,f,2,7,Cam,Bep,
Cbbf Prmtsdw,f,2,12,Cbbf,Prmtsdw,
Ccjsaah Ijyr,m,2,12,Ccjsaah,Ijyr,
Cdbr Acdxn,m,2,10,Cdbr,Acdxn,
Cdlhrqq Jczruh,m,2,14,Cdlhrqq,Jczruh,
Cdm Qzz,f,2,7,Cdm,Qzz,
Ceckwom Htepjnf,m,2,15,Ceckwom,Htepjnf,
Cfxteol Ycbmv,m,2,13,Cfxteol,Ycbmv,
Cgaipqg Sftri,f,2,13,Cgaipqg,Sftri,
Cgp Fxlox,m,2,9,Cgp,Fxlox,
Cgsdr Wswkzpn,m,2,13,Cgsdr,Wswkzpn,
Chdoi Pomqzf,m,2,12,Chdoi,Pomqzf,
Cimopn Hben,m,2,11,Cimopn,Hben,
Cjz Mjotmly,m,2,11,Cjz,Mjotmly,
Cjz Rjvgg,m,2,9,Cjz,Rjvgg,
Cluj Xmdhu,m,2,10,Cluj,Xmdhu,
Cmceewt Acgefpq,f,2,15,Cmceewt,Acgefpq,
Cmywqab Zhy,f,2,11,Cmywqab,Zhy,
Cnbkm Gshsw,m,2,11,Cnbkm,Gshsw,
Coqe Zez,f,2,8,Coqe,Zez,
Coqfhw Urjxu,m,2,12,Coqfhw,Urjxu,
Corle Qqzc,f,2,10,Corle,Qqzc,
Cozo Jlmlpan,f,2,12,Cozo,Jlmlpan,
Cpgo Pzntytp,f,2,12,Cpgo,Pzntytp,
Cpj Fxkyhb,m,2,10,Cpj,Fxkyhb,
Csb Syu,m,2,7,Csb,Syu,
Cspe Bhg,m,2,8,Cspe,Bhg,
Ctzike Meaadp,f,2,13,Ctzike,Meaadp,
Cuhdr Ofzbk,m,2,11,Cuhdr,Ofzbk,
Cuipiaq Krqpeof,m,2,15,Cuipiaq,Krqpeof,
Curu Rcb,f,2,8,Curu,Rcb,
Cvp Xasu,m,2,8,Cvp,Xasu,
Cwu Fck,m,2,7,Cwu,Fck,
Cxg Olkr,m,2,8,Cxg,Olkr,
Cxk Gqmcmq,f,2,10,Cxk,Gqmcmq,
Cyidd Prm,m,2,9,Cyidd,Prm,
Cynw Qvdk,m,2,9,Cynw,Qvdk,
Czc Dvuap,m,2,9,Czc,Dvuap,
Dakvkug Snvbt,f,2,13,Dakvkug,Snvbt,
Dbbcrbu Avsd,f,2,12,Dbbcrbu,Avsd,
Dbrf Scf,f,2,8,Dbrf,Scf,
Dcegrwq Mom,f,2,11,Dcegrwq,Mom,
Dde Ywfyla,f,2,10,Dde,Ywfyla,
Ddvgzs Ibbyveh,f,2,14,Ddvgzs,Ibbyveh,
Deeoq Sasmmzk,m,2,13,Deeoq,Sasmmzk,
Denocnb Fhdgni,m,2,14,Denocnb,Fhdgni,
Dewi Nirmala,f,2,12,Dewi,Nirmala,
Dgbicr Ozvua,m,2,12,Dgbicr,Ozvua,
Dhgpf Jmr,m,2,9,Dhgpf,Jmr,
Dhrjhzf Tesgy,m,2,13,Dhrjhzf,Tesgy,
Diahzag Ifqbt,m,2,13,Diahzag,Ifqbt,
Djbjn Agnak,m,2,11,Djbjn,Agnak,
Djox Gxqefp,m,2,11,Djox,Gxqefp,
Dliyi Gnd,m,2,9,Dliyi,Gnd,
Dmsjse Jkwjlgi,m,2,14,Dmsjse,Jkwjlgi,
Dnqkpl Xaxbag,f,2,13,Dnqkpl,Xaxbag,
Dor Wtiibbv,f,2,11,Dor,Wtiibbv,
Dphbm Nxs,f,2,9,Dphbm,Nxs,
Dppuk Txcrqg,f,2,12,Dppuk,Txcrqg,
Dppxe Hniwtai,f,2,13,Dppxe,Hniwtai,
Dqsaq Lnexlc,m,2,12,Dqsaq,Lnexlc,
Dra Vzqem,m,2,9,Dra,Vzqem,
Drobnm Ebfpgrf,f,2,14,Drobnm,Ebfpgrf,
Dsh Raxx,m,2,8,Dsh,Raxx,
Dsjz Ggsotw,m,2,11,Dsjz,Ggsotw,
Dsk Cvx,f,2,7,Dsk,Cvx,
Dsnt Czfzhvo,f,2,12,Dsnt,Czfzhvo,
Dsvz Obxjbaq,m,2,12,Dsvz,Obxjbaq,
Dtcds Nyld,f,2,10,Dtcds,Nyld,
Dttuuz Qhafjbd,m,2,14,Dttuuz,Qhafjbd,
Dubvwuy Wpmu,m,2,12,Dubvwuy,Wpmu,
Dukeu Tkgy,m,2,10,Dukeu,Tkgy,
Dwi Wira,m,2,8,Dwi,Wira,
Dwsyw Ecjknt,m,2,12,Dwsyw,Ecjknt,
Dxgef Vkiasu,m,2,12,Dxgef,Vkiasu,
Dyhyqo Ophtmza,f,2,14,Dyhyqo,Ophtmza,
Dyu Hugqzw,m,2,10,Dyu,Hugqzw,
Dyzq Vaddp,m,2,10,Dyzq,Vaddp,
Dzkav Bdwknj,m,2,12,Dzkav,Bdwknj,
Eaaq Keslq,f,2,10,Eaaq,Keslq,
Eadlhq Uhwvav,f,2,13,Eadlhq,Uhwvav,
Eaerw Qbux,m,2,10,Eaerw,Qbux,
Eatofl Xwua,m,2,11,Eatofl,Xwua,
Eaykv Qtt,m,2,9,Eaykv,Qtt,
Eazqywn Kqg,m,2,11,Eazqywn,Kqg,
Ebgww Neegoxo,f,2,13,Ebgww,Neegoxo,
Ebsx Ltortdx,m,2,12,Ebsx,Ltortdx,
Edct Fhnnrg,m,2,11,Edct,Fhnnrg,
Eegr Qgeqir,f,2,11,Eegr,Qgeqir,
Efm Kyo,m,2,7,Efm,Kyo,
Egbo Ccxzwo,m,2,11,Egbo,Ccxzwo,
Egfo Bxjhybj,m,2,12,Egfo,Bxjhybj,
Eicq Pse,m,2,8,Eicq,Pse,
Eisxuwy Xechbr,m,2,14,Eisxuwy,Xechbr,
Ejrirb Bcm,m,2,10,Ejrirb,Bcm,
Ejyyqkt Ezcvjuv,f,2,15,Ejyyqkt,Ezcvjuv,
Ejzl Rfd,m,2,8,Ejzl,Rfd,
Elbov Qcdq,m,2,10,Elbov,Qcdq,
Emyu Hlctbjg,m,2,12,Emyu,Hlctbjg,
Endvzdv Tksrhp,f,2,14,Endvzdv,Tksrhp,
Eojeyne Ehxhpgp,m,2,15,Eojeyne,Ehxhpgp,
Epgmqie Kqpv,f,2,12,Epgmqie,Kqpv,
Epklpmd Omtxvj,m,2,14,Epklpmd,Omtxvj,
Eqllmj Tgrqjq,f,2,13,Eqllmj,Tgrqjq,
Eqoo Jsd,m,2,8,Eqoo,Jsd,
Eqsznie Hahd,m,2,12,Eqsznie,Hahd,
Erk Rxn,m,2,7,Erk,Rxn,
Erplfd Kidgl,m,2,12,Erplfd,Kidgl,
Ertb Fyibzzb,m,2,12,Ertb,Fyibzzb,
Eshjiqv Wbalbrw,m,2,15,Eshjiqv,Wbalbrw,
Espd Peks,m,2,9,Espd,Peks,
Etxcgyl Igfkgx,m,2,14,Etxcgyl,Igfkgx,
Eun Mzvoa,m,2,9,Eun,Mzvoa,
Evqzm Mepe,f,2,10,Evqzm,Mepe,
Exnykw Hkoqjca,m,2,14,Exnykw,Hkoqjca,
Exocqcs Jat,m,2,11,Exocqcs,Jat,
Eziaiz Aalw,f,2,11,Eziaiz,Aalw,
Fdf Likr,f,2,8,Fdf,Likr,
Fdzdsw Mjzksk,m,2,13,Fdzdsw,Mjzksk,
Fefepf Rdzb,f,2,11,Fefepf,Rdzb,
Fej Xqamorq,m,2,11,Fej,Xqamorq,
Felv Fdafo,f,2,10,Felv,Fdafo,
Fgvjpim Qoishjb,f,2,15,Fgvjpim,Qoishjb,
Fiworhc Bch,m,2,11,Fiworhc,Bch,
Fixkk Srk,f,2,9,Fixkk,Srk,
Fjpfw Vgyj,m,2,10,Fjpfw,Vgyj,
Flxnili Vvu,m,2,11,Flxnili,Vvu,
Fnx Hggprb,m,2,10,Fnx,Hggprb,
Fpek Lqxdvux,m,2,12,Fpek,Lqxdvux,
Fpptur Knqatp,m,2,13,Fpptur,Knqatp,
Fqdrffr Zyekvx,m,2,14,Fqdrffr,Zyekvx,
Fqt Qweme,m,2,9,Fqt,Qweme,
Frabvdu Ifwnjsy,f,2,15,Frabvdu,Ifwnjsy,
Frc Kbsvj,m,2,9,Frc,Kbsvj,
Frjvhl Fglq,m,2,11,Frjvhl,Fglq,
Ftascm Lpqvtve,m,2,14,Ftascm,Lpqvtve,
Ftkp Epohha,f,2,11,Ftkp,Epohha,
Fvwbjgi Xzfhbr,m,2,14,Fvwbjgi,Xzfhbr,
Fxhw Ghupj,m,2,10,Fxhw,Ghupj,
Fywpxls Gbzjli,f,2,14,Fywpxls,Gbzjli,
Fyxm Bzwyiw,m,2,11,Fyxm,Bzwyiw,
Fyy Vnsowpf,m,2,11,Fyy,Vnsowpf,
Fzmrtk Tyzon,m,2,12,Fzmrtk,Tyzon,
Gawtq Sjpxwln,m,2,13,Gawtq,Sjpxwln,
Gcabu Llpfjl,f,2,12,Gcabu,Llpfjl,
Gcwu Mtbvqpr,m,2,12,Gcwu,Mtbvqpr,
Gdlie Jxost,m,2,11,Gdlie,Jxost,
Gdmbq Mhorr,m,2,11,Gdmbq,Mhorr,
Ggf Ebe,m,2,7,Ggf,Ebe,
Ghl Fjiok,f,2,9,Ghl,Fjiok,
Gifam Tipop,f,2,11,Gifam,Tipop,
Gisroqp Auic,m,2,12,Gisroqp,Auic,
Gizvt Xumyqzn,m,2,13,Gizvt,Xumyqzn,
Gjblaij Ure,f,2,11,Gjblaij,Ure,
Gje Mdgunwi,m,2,11,Gje,Mdgunwi,
Gkrx Dzpgz,m,2,10,Gkrx,Dzpgz,
Glfsqag Ossfkka,m,2,15,Glfsqag,Ossfkka,
Glrk Zlle,m,2,9,Glrk,Zlle,
Gmfdq Eduuc,m,2,11,Gmfdq,Eduuc,
Gnyn Fac,f,2,8,Gnyn,Fac,
Goohsd Gri,m,2,10,Goohsd,Gri,
Gpzdjg Tln,f,2,10,Gpzdjg,Tln,
Gqnndgo Uulqraw,f,2,15,Gqnndgo,Uulqraw,
Grofx Tyxovpl,f,2,13,Grofx,Tyxovpl,
Grqv Pjkcr,m,2,10,Grqv,Pjkcr,
Grwyvx Dxz,m,2,10,Grwyvx,Dxz,
Gsfzu Eqadz,m,2,11,Gsfzu,Eqadz,
Gsrfon Ihccm,m,2,12,Gsrfon,Ihccm,
Gtud Mzrrw,m,2,10,Gtud,Mzrrw,
Guo Vrdwmpv,f,2,11,Guo,Vrdwmpv,
Gvw Mjehpp,m,2,10,Gvw,Mjehpp,
Gwhp Vim,f,2,8,Gwhp,Vim,
Gwjx Gac,f,2,8,Gwjx,Gac,
Gxch Rexfoq,m,2,11,Gxch,Rexfoq,
Gxs Lqfwoeg,f,2,11,Gxs,Lqfwoeg,
Gzdzne Pfqrr,m,2,12,Gzdzne,Pfqrr,
Gzmmi Gic,m,2,9,Gzmmi,Gic,
Gzwqo Xmy,f,2,9,Gzwqo,Xmy,
Hadijah Cinta,f,2,13,Hadijah,Cinta,
Hadijah Sri Indah,f,3,17,Hadijah,Sri,Indah
Hafyp Eptac,m,2,11,Hafyp,Eptac,
Hakatk Pfxql,f,2,12,Hakatk,Pfxql,
Halimah Bulan,f,2,13,Halimah,Bulan,
Hbp Ngyqx,m,2,9,Hbp,Ngyqx,
Hdnwwfo Zpovn,f,2,13,Hdnwwfo,Zpovn,
Hfq Ntcorc,m,2,10,Hfq,Ntcorc,
Hgsk Ozkrb,f,2,10,Hgsk,Ozkrb,
Hhnph Xshzu,m,2,11,Hhnph,Xshzu,
Hhtdf Fana,m,2,10,Hhtdf,Fana,
Hik Vns,f,2,7,Hik,Vns,
Hjbcqf Cdlifx,f,2,13,Hjbcqf,Cdlifx,
Hjl Hjvcs,m,2,9,Hjl,Hjvcs,
Hjlgru Dzjs,m,2,11,Hjlgru,Dzjs,
Hjw Whx,m,2,7,Hjw,Whx,
Hjxynlh Bxer,m,2,12,Hjxynlh,Bxer,
Hlmfyi Teem,m,2,11,Hlmfyi,Teem,
Hogu Beenb,f,2,10,Hogu,Beenb,
Hojftu Yjpm,m,2,11,Hojftu,Yjpm,
Hpi Sttsw,m,2,9,Hpi,Sttsw,
Hqcrt Eoshg,f,2,11,Hqcrt,Eoshg,
Hqnim Niftnl,m,2,12,Hqnim,Niftnl,
Hqpcgks Vowdwee,m,2,15,Hqpcgks,Vowdwee,
Htb Ryv,m,2,7,Htb,Ryv,
Hviigs Sdauz,m,2,12,Hviigs,Sdauz,
Hwexg Foqb,m,2,10,Hwexg,Foqb,
Hwp Sprizl,m,2,10,Hwp,Sprizl,
Hxda Fma,f,2,8,Hxda,Fma,
Hxf Baz,m,2,7,Hxf,Baz,
Hxnowys Copchck,m,2,15,Hxnowys,Copchck,
Hxul Bqs,m,2,8,Hxul,Bqs,
Hykoe Hyektut,m,2,13,Hykoe,Hyektut,
Iawo Ryu,m,2,8,Iawo,Ryu,
Ibehgbf Yrkfsg,m,2,14,Ibehgbf,Yrkfsg,
Ibrahim Ridwan Bima,m,3,19,Ibrahim,Ridwan,Bima
Ico Cqxdsjm,m,2,11,Ico,Cqxdsjm,
Ics Fordnza,f,2,11,Ics,Fordnza,
Idw Hotg,f,2,8,Idw,Hotg,
Ielrd Hnoldw,f,2,12,Ielrd,Hnoldw,
Iev Tig,m,2,7,Iev,Tig,
Iffdb Fxeniq,f,2,12,Iffdb,Fxeniq,
Ifxz Qnzguar,m,2,12,Ifxz,Qnzguar,
Ihszi Vif,m,2,9,Ihszi,Vif,
Iieiavv Gwxtc,f,2,13,Iieiavv,Gwxtc,
Iijofk Yaqvip,f,2,13,Iijofk,Yaqvip,
Ijmcz Uoeydda,m,2,13,Ijmcz,Uoeydda,
Ijsstc Yvgzv,m,2,12,Ijsstc,Yvgzv,
Ikmqv Zuf,f,2,9,Ikmqv,Zuf,
Ikoxuf Tuxj,f,2,11,Ikoxuf,Tuxj,
Ikxe Hhaayvu,m,2,12,Ikxe,Hhaayvu,
Ikzerd Xfa,f,2,10,Ikzerd,Xfa,
Ilscjn Hefvv,f,2,12,Ilscjn,Hefvv,
Iman Yuda Akhmad,m,3,16,Iman,Yuda,Akhmad
Immp Xgb,f,2,8,Immp,Xgb,
Imokubo Isu,m,2,11,Imokubo,Isu,
Imran Cahya Irfan,m,3,17,Imran,Cahya,Irfan
Inhq Hyxoo,m,2,10,Inhq,Hyxoo,
Inozdrs Vbha,m,2,12,Inozdrs,Vbha,
Iop Dwow,f,2,8,Iop,Dwow,
Iozwsyl Zawl,m,2,12,Iozwsyl,Zawl,
Ipwnac Hrr,m,2,10,Ipwnac,Hrr,
Iqirccn Gmvltlb,m,2,15,Iqirccn,Gmvltlb,
Iquthwe Rtyzkx,m,2,14,Iquthwe,Rtyzkx,
Iqyse Kkjxtj,m,2,12,Iqyse,Kkjxtj,
Iraee Escrzq,m,2,12,Iraee,Escrzq,
Isat Aaedwlh,f,2,12,Isat,Aaedwlh,
Isf Sfcqm,m,2,9,Isf,Sfcqm,
Isgyobi Gguc,m,2,12,Isgyobi,Gguc,
Itonob Dzibi,m,2,12,Itonob,Dzibi,
Iva Nfet,m,2,8,Iva,Nfet,
Ivj Quy,f,2,7,Ivj,Quy,
Ivx Zyudlhi,f,2,11,Ivx,Zyudlhi,
Iwm Hmajbi,f,2,10,Iwm,Hmajbi,
Iwnjy Vmvjon,m,2,12,Iwnjy,Vmvjon,
Iwyogs Zbevtvf,m,2,14,Iwyogs,Zbevtvf,
Ixdozn Luveoj,m,2,13,Ixdozn,Luveoj,
Ixu Egxc,m,2,8,Ixu,Egxc,
Ixxfb Gntdw,m,2,11,Ixxfb,Gntdw,
Izebcf Dzvd,f,2,11,Izebcf,Dzvd,
Izhust Czroxmp,m,2,14,Izhust,Czroxmp,
Izy Mpchs,m,2,9,Izy,Mpchs,
Jah Uyfhm,m,2,9,Jah,Uyfhm,
Jbiuk Cgjsb,f,2,11,Jbiuk,Cgjsb,
Jdhx Cmzhgdg,m,2,12,Jdhx,Cmzhgdg,
Jdu Qzx,f,2,7,Jdu,Qzx,
Jdxhdzf Unlnubs,m,2,15,Jdxhdzf,Unlnubs,
Jdzfp Fhmltz,m,2,12,Jdzfp,Fhmltz,
Jhaipk Aenv,f,2,11,Jhaipk,Aenv,
Jhgo Tdu,m,2,8,Jhgo,Tdu,
Jimq Yykp,m,2,9,Jimq,Yykp,
Jioc Wjzfbq,m,2,11,Jioc,Wjzfbq,
Jjmt Rrfuyu,f,2,11,Jjmt,Rrfuyu,
Jkma Canv,f,2,9,Jkma,Canv,
Jlcfhhc Kdy,m,2,11,Jlcfhhc,Kdy,
Jlm Zgatanw,m,2,11,Jlm,Zgatanw,
Jlyt Rpk,f,2,8,Jlyt,Rpk,
Jmjbkc Jupi,m,2,11,Jmjbkc,Jupi,
Jnik Uuaxn,m,2,10,Jnik,Uuaxn,
Jnk Leezfw,m,2,10,Jnk,Leezfw,
Jnljumi Jfptark,m,2,15,Jnljumi,Jfptark,
Jnlpon Tfg,m,2,10,Jnlpon,Tfg,
Jnzrbcx Uzkepdn,f,2,15,Jnzrbcx,Uzkepdn,
Jnzts Bqpzgj,m,2,12,Jnzts,Bqpzgj,
Jouh Bwgxfmr,f,2,12,Jouh,Bwgxfmr,
Jowvpul Hpfte,f,2,13,Jowvpul,Hpfte,
Joyatem Wboyawm,f,2,15,Joyatem,Wboyawm,
Joyrua Tqsr,m,2,11,Joyrua,Tqsr,
Jpqll Jmzlt,m,2,11,Jpqll,Jmzlt,
Jqhr Mitz,f,2,9,Jqhr,Mitz,
Jra Cshq,f,2,8,Jra,Cshq,
Jrfnbn Jqoe,m,2,11,Jrfnbn,Jqoe,
Jriua Imb,f,2,9,Jriua,Imb,
Jsmxidy Eqrh,m,2,12,Jsmxidy,Eqrh,
Jtpxiz Psc,m,2,10,Jtpxiz,Psc,
Jtti Uji,m,2,8,Jtti,Uji,
Juk Fndb,f,2,8,Juk,Fndb,
Jvuimo Umfwi,m,2,12,Jvuimo,Umfwi,
Jwbp Gfzn,f,2,9,Jwbp,Gfzn,
Jwkmgpq Gdehi,f,2,13,Jwkmgpq,Gdehi,
Jwoes Jhgj,f,2,10,Jwoes,Jhgj,
Jwsotz Rzbnf,f,2,12,Jwsotz,Rzbnf,
Jxlx Ldx,m,2,8,Jxlx,Ldx,
Jxow Jykkb,f,2,10,Jxow,Jykkb,
Jxq Kjv,f,2,7,Jxq,Kjv,
Jxv Ntgxyg,m,2,10,Jxv,Ntgxyg,
Jynsyz Foycx,m,2,12,Jynsyz,Foycx,
Jyy Mriyrkv,f,2,11,Jyy,Mriyrkv,
Jzzeo Nqaqxga,m,2,13,Jzzeo,Nqaqxga,
Kas Hmlx,m,2,8,Kas,Hmlx,
Kbhdfpm Xapq,m,2,12,Kbhdfpm,Xapq,
Kbt Oyrga,m,2,9,Kbt,Oyrga,
Kchgyn Lhh,m,2,10,Kchgyn,Lhh,
Kdb Ind,m,2,7,Kdb,Ind,
Kdcpnk Jdrhocq,f,2,14,Kdcpnk,Jdrhocq,
Kddh Oaoo,f,2,9,Kddh,Oaoo,
Kdlxmv Gtybbj,m,2,13,Kdlxmv,Gtybbj,
Keua Rgtalu,f,2,11,Keua,Rgtalu,
Kfwxn Lcc,f,2,9,Kfwxn,Lcc,
Kikhwt Cnbfk,f,2,12,Kikhwt,Cnbfk,
Kiuo Avaz,m,2,9,Kiuo,Avaz,
Kiyfj Nlwztd,f,2,12,Kiyfj,Nlwztd,
Kjpvjvf Jawg,m,2,12,Kjpvjvf,Jawg,
Kkbyw Rrzbv,m,2,11,Kkbyw,Rrzbv,
Kkii Syj,m,2,8,Kkii,Syj,
Kkqus Ugklj,f,2,11,Kkqus,Ugklj,
Kkrx Cecu,m,2,9,Kkrx,Cecu,
Klabs Neeepj,f,2,12,Klabs,Neeepj,
Kmeet Eghjms,m,2,12,Kmeet,Eghjms,
Knmbhh Ttgcuak,f,2,14,Knmbhh,Ttgcuak,
Kotplnj Osqyhm,f,2,14,Kotplnj,Osqyhm,
Kownx Gdbfbo,m,2,12,Kownx,Gdbfbo,
Kpdf Vavy,m,2,9,Kpdf,Vavy,
Kpzedlk Jyscvrs,f,2,15,Kpzedlk,Jyscvrs,
Kpzsxdh Nuwkcxl,m,2,15,Kpzsxdh,Nuwkcxl,
Kqmow Fqqzs,f,2,11,Kqmow,Fqqzs,
Kqtro Ffzpre,m,2,12,Kqtro,Ffzpre,
Krbmcn Hvorhv,f,2,13,Krbmcn,Hvorhv,
Krg Wtpima,m,2,10,Krg,Wtpima,
Krjta Zsgsxur,m,2,13,Krjta,Zsgsxur,
Ksyqbx Nydfhr,f,2,13,Ksyqbx,Nydfhr,
Ktb Qndps,m,2,9,Ktb,Qndps,
Ktbdv Fboczs,f,2,12,Ktbdv,Fboczs,
Kuwmh Ymr,m,2,9,Kuwmh,Ymr,
Kuybj Zaps,m,2,10,Kuybj,Zaps,
Kvzqiko Wuis,m,2,12,Kvzqiko,Wuis,
Kwthvaq Adqqa,m,2,13,Kwthvaq,Adqqa,
Kxqgzyh Ggfo,f,2,12,Kxqgzyh,Ggfo,
Kygd Hvgw,f,2,9,Kygd,Hvgw,
Kyopegn Wylxn,f,2,13,Kyopegn,Wylxn,
Kyqbhr Hydzzjc,m,2,14,Kyqbhr,Hydzzjc,
Kzs Ypdcrk,m,2,10,Kzs,Ypdcrk,
Lagdcow Vekduk,f,2,14,Lagdcow,Vekduk,
Laoul Vkl,f,2,9,Laoul,Vkl,
Lbfbltc Ggcluj,m,2,14,Lbfbltc,Ggcluj,
Ldys Slbd,m,2,9,Ldys,Slbd,
Leoule Zlwdbch,m,2,14,Leoule,Zlwdbch,
Lfqyumu Curco,m,2,13,Lfqyumu,Curco,
Lfwton Yfiwg,f,2,12,Lfwton,Yfiwg,
Lhybntd Rkztic,m,2,14,Lhybntd,Rkztic,
Limjo Pezs,m,2,10,Limjo,Pezs,
Litjy Wldfgol,m,2,13,Litjy,Wldfgol,
Ljolbnu Mcb,m,2,11,Ljolbnu,Mcb,
Ljxhw Btvhx,m,2,11,Ljxhw,Btvhx,
Lksrjvb Klxeg,m,2,13,Lksrjvb,Klxeg,
Llj Zfz,f,2,7,Llj,Zfz,
Lofwkak Iabfrkh,m,2,15,Lofwkak,Iabfrkh,
Log Eyx,f,2,7,Log,Eyx,
Lpf Eavdtwu,m,2,11,Lpf,Eavdtwu,
Lpfld Rlx,m,2,9,Lpfld,Rlx,
Lqd Nzbsn,m,2,9,Lqd,Nzbsn,
Lqprc Mrjjl,f,2,11,Lqprc,Mrjjl,
Lrw Ugrz,m,2,8,Lrw,Ugrz,
Lug Wfhg,f,2,8,Lug,Wfhg,
Lusezj Mozrtmi,m,2,14,Lusezj,Mozrtmi,
Luwkbm Esu,m,2,10,Luwkbm,Esu,
Lvokidw Pshptz,m,2,14,Lvokidw,Pshptz,
Lwvo Ufxi,m,2,9,Lwvo,Ufxi,
Lxajy Lcojzjj,m,2,13,Lxajy,Lcojzjj,
Lyltt Abmvqg,f,2,12,Lyltt,Abmvqg,
Lzeq Mdhxcg,f,2,11,Lzeq,Mdhxcg,
Maidd Rfytedl,m,2,13,Maidd,Rfytedl,
Makoq Cohan,f,2,11,Makoq,Cohan,
Maukqoj Ratkjlm,m,2,15,Maukqoj,Ratkjlm,
Mbh Lyiluf,m,2,10,Mbh,Lyiluf,
Mbz Pjw,m,2,7,Mbz,Pjw,
Mcgokb Amdng,m,2,12,Mcgokb,Amdng,
Mdqev Wbtz,m,2,10,Mdqev,Wbtz,
Mea Ohx,m,2,7,Mea,Ohx,
Meebadp Nzwq,m,2,12,Meebadp,Nzwq,
Memqtv Kfqomqj,f,2,14,Memqtv,Kfqomqj,
Mequv Mnkpyp,m,2,12,Mequv,Mnkpyp,
Mhcq Cjagtx,f,2,11,Mhcq,Cjagtx,
Mjesdp Ecdih,m,2,12,Mjesdp,Ecdih,
Mjj Rji,m,2,7,Mjj,Rji,
Mkg Ebylry,m,2,10,Mkg,Ebylry,
Mkqnx Lqniuxf,m,2,13,Mkqnx,Lqniuxf,
Mkvawr Qkqo,f,2,11,Mkvawr,Qkqo,
Mkybv Amyqx,m,2,11,Mkybv,Amyqx,
Mlazt Dyk,m,2,9,Mlazt,Dyk,
Mlfwg Vbyzl,m,2,11,Mlfwg,Vbyzl,
Mlga Thwff,m,2,10,Mlga,Thwff,
Mlgvjua Pzjnpy,m,2,14,Mlgvjua,Pzjnpy,
Mlwlh Jmxjzj,m,2,12,Mlwlh,Jmxjzj,
Mlzsju Rsexdaq,f,2,14,Mlzsju,Rsexdaq,
Mmfscok Yubujj,m,2,14,Mmfscok,Yubujj,
Mocg Lgq,m,2,8,Mocg,Lgq,
Mptzrc Frb,f,2,10,Mptzrc,Frb,
Mpuxqrw Dvaf,m,2,12,Mpuxqrw,Dvaf,
Mpv Hwtiogn,m,2,11,Mpv,Hwtiogn,
Mpxvl Lggygub,m,2,13,Mpxvl,Lggygub,
Mqle Rnaw,m,2,9,Mqle,Rnaw,
Mqxjuas Mleq,f,2,12,Mqxjuas,Mleq,
Mrf Qty,m,2,7,Mrf,Qty,
Mrhjv Ijaddhw,f,2,13,Mrhjv,Ijaddhw,
Mssrt Kxkqm,m,2,11,Mssrt,Kxkqm,
Mtacps Guapd,m,2,12,Mtacps,Guapd,
Mte Rnntpba,m,2,11,Mte,Rnntpba,
Mulhxra Cyglcf,m,2,14,Mulhxra,Cyglcf,
Mwbgifi Dmnhvbx,m,2,15,Mwbgifi,Dmnhvbx,
Mwvqt Ogq,f,2,9,Mwvqt,Ogq,
Mxo Lhph,f,2,8,Mxo,Lhph,
Mxogn Wyasik,m,2,12,Mxogn,Wyasik,
Myk Ctcovjw,m,2,11,Myk,Ctcovjw,
Myl Gmskotr,f,2,11,Myl,Gmskotr,
Nah Shwp,m,2,8,Nah,Shwp,
Naxzy Athlsre,m,2,13,Naxzy,Athlsre,
Nazbymh Pfoymdu,f,2,15,Nazbymh,Pfoymdu,
Nbnghz Fmnxw,m,2,12,Nbnghz,Fmnxw,
Nbw Yuxxyvv,m,2,11,Nbw,Yuxxyvv,
Nbymuvf Rvj,f,2,11,Nbymuvf,Rvj,
Ndatyr Whti,m,2,11,Ndatyr,Whti,
Nepp Udq,f,2,8,Nepp,Udq,
Nepvq Fzwsyeu,m,2,13,Nepvq,Fzwsyeu,
Nfv Trx,m,2,7,Nfv,Trx,
Nhhjef Luxylx,f,2,13,Nhhjef,Luxylx,
Nkchdx Mycry,m,2,12,Nkchdx,Mycry,
Nksq Rxy,m,2,8,Nksq,Rxy,
Nlqmge Wzfcnjx,f,2,14,Nlqmge,Wzfcnjx,
Nluja Hjws,m,2,10,Nluja,Hjws,
Nma Ekxmkm,m,2,10,Nma,Ekxmkm,
Nnd Ini,m,2,7,Nnd,Ini,
Npgm Nordl,f,2,10,Npgm,Nordl,
Nppuqiu Vvc,m,2,11,Nppuqiu,Vvc,
Nqhwmi Tjpequq,m,2,14,Nqhwmi,Tjpequq,
Nqx Pcckv,m,2,9,Nqx,Pcckv,
Nrzzuf Lntc,m,2,11,Nrzzuf,Lntc,
Nsuzo Ztukcsf,f,2,13,Nsuzo,Ztukcsf,
Ntc Ibg,m,2,7,Ntc,Ibg,
Ntexow Piip,f,2,11,Ntexow,Piip,
Ntmadwm Oqfc,m,2,12,Ntmadwm,Oqfc,
Nuf Rtju,m,2,8,Nuf,Rtju,
Nuldkqs Uyrdncd,m,2,15,Nuldkqs,Uyrdncd,
Nwgcxnm Xos,f,2,11,Nwgcxnm,Xos,
Nwnm Hdhi,m,2,9,Nwnm,Hdhi,
Nxaa Fdjdd,m,2,10,Nxaa,Fdjdd,
Nyjsn Bvwtu,f,2,11,Nyjsn,Bvwtu,
Nykdrn Oyfg,f,2,11,Nykdrn,Oyfg,
Nzpf Bcz,m,2,8,Nzpf,Bcz,
Nzxu Tlr,m,2,8,Nzxu,Tlr,
Oaqzeiv Gbhhkqc,f,2,15,Oaqzeiv,Gbhhkqc,
Obeozun Dfy,f,2,11,Obeozun,Dfy,
Obzg Fwvshqw,m,2,12,Obzg,Fwvshqw,
Ocpt Udb,f,2,8,Ocpt,Udb,
Ocw Jsxt,m,2,8,Ocw,Jsxt,
Oczam Razpej,f,2,12,Oczam,Razpej,
Odfgq Jjzak,m,2,11,Odfgq,Jjzak,
Odfq Tedywev,f,2,12,Odfq,Tedywev,
Odijxs Feffw,m,2,12,Odijxs,Feffw,
Oedb Evhenly,m,2,12,Oedb,Evhenly,
Oepzk Tuq,m,2,9,Oepzk,Tuq,
Ofte Dkhfdyv,m,2,12,Ofte,Dkhfdyv,
Ofxapa Iwyr,m,2,11,Ofxapa,Iwyr,
Ogzmdr Uqnwu,f,2,12,Ogzmdr,Uqnwu,
Ohauix Iap,m,2,10,Ohauix,Iap,
Ohrm Xuu,f,2,8,Ohrm,Xuu,
Ohro Xpno,f,2,9,Ohro,Xpno,
Ohxdnmk Cydo,m,2,12,Ohxdnmk,Cydo,
Oilx Gjdejxc,f,2,12,Oilx,Gjdejxc,
Oiseb Ogkclx,f,2,12,Oiseb,Ogkclx,
Oiwp Qcvu,f,2,9,Oiwp,Qcvu,
Ojfd Mmew,m,2,9,Ojfd,Mmew,
Ojffx Ezkxto,m,2,12,Ojffx,Ezkxto,
Olarquo Aosid,m,2,13,Olarquo,Aosid,
Olhvay Vkwjwy,f,2,13,Olhvay,Vkwjwy,
Olqfdy Vwrc,f,2,11,Olqfdy,Vwrc,
Omuu Ogg,f,2,8,Omuu,Ogg,
Omxvfc Njkam,f,2,12,Omxvfc,Njkam,
Omxwyvp Qyxd,f,2,12,Omxwyvp,Qyxd,
Oogqqyo Rztwdt,f,2,14,Oogqqyo,Rztwdt,
Ooi Pqchu,m,2,9,Ooi,Pqchu,
Oomlnev Aiyr,f,2,12,Oomlnev,Aiyr,
Oqhkj Jfpl,m,2,10,Oqhkj,Jfpl,
Oqovm Hnmxj,m,2,11,Oqovm,Hnmxj,
Oqrv Kkpv,m,2,9,Oqrv,Kkpv,
Org Lket,m,2,8,Org,Lket,
Osg Wyi,f,2,7,Osg,Wyi,
Osta Kxjdms,f,2,11,Osta,Kxjdms,
Otuice Yte,f,2,10,Otuice,Yte,
Otwtmpq Fruks,f,2,13,Otwtmpq,Fruks,
Ovskgmv Fjhq,m,2,12,Ovskgmv,Fjhq,
Ownt Mniehy,f,2,11,Ownt,Mniehy,
Oygbhv Slqkjqs,m,2,14,Oygbhv,Slqkjqs,
Ozbmxko Qpegm,f,2,13,Ozbmxko,Qpegm,
Ozdapfp Zpjx,m,2,12,Ozdapfp,Zpjx,
Paheba Drasrur,f,2,14,Paheba,Drasrur,
Paypm Tdd,m,2,9,Paypm,Tdd,
Pcbnn Ytgyl,f,2,11,Pcbnn,Ytgyl,
Pcfi Alxnkfo,m,2,12,Pcfi,Alxnkfo,
Pcikjru Uujd,m,2,12,Pcikjru,Uujd,
Pcitnyl Dom,m,2,11,Pcitnyl,Dom,
Pctt Tojdiw,m,2,11,Pctt,Tojdiw,
Pejai Kkq,m,2,9,Pejai,Kkq,
Pipj Vbtg,m,2,9,Pipj,Vbtg,
Piss Zuehidm,f,2,12,Piss,Zuehidm,
Pjdnxuz Wjjpwx,m,2,14,Pjdnxuz,Wjjpwx,
Pjkfl Ycaffiv,f,2,13,Pjkfl,Ycaffiv,
Pkw Zdpqxq,m,2,10,Pkw,Zdpqxq,
Pkxqm Ronkcj,m,2,12,Pkxqm,Ronkcj,
Pkxrhc Ewawpc,f,2,13,Pkxrhc,Ewawpc,
Pluzcq Fbcdty,f,2,13,Pluzcq,Fbcdty,
Pmd Ubzcq,m,2,9,Pmd,Ubzcq,
Pmfjxm Dnsv,m,2,11,Pmfjxm,Dnsv,
Pnn Gmf,m,2,7,Pnn,Gmf,
Pohl Ffref,m,2,10,Pohl,Ffref,
Powj Zto,m,2,8,Powj,Zto,
Ppl Cjwxf,m,2,9,Ppl,Cjwxf,
Pprxfph Utopqq,m,2,14,Pprxfph,Utopqq,
Pqv Sln,m,2,7,Pqv,Sln,
Pqy Xpb,f,2,7,Pqy,Xpb,
Pqz Tzgsilo,m,2,11,Pqz,Tzgsilo,
Prhq Lacaw,m,2,10,Prhq,Lacaw,
Prm Bnxzjdd,f,2,11,Prm,Bnxzjdd,
Proov Codc,m,2,10,Proov,Codc,
Psbt Ovxu,f,2,9,Psbt,Ovxu,
Pvba Jpawwlg,m,2,12,Pvba,Jpawwlg,
Pvjiyt Hnmth,m,2,12,Pvjiyt,Hnmth,
Pwpwkat Ilax,m,2,12,Pwpwkat,Ilax,
Pwtbo Ehyfmew,m,2,13,Pwtbo,Ehyfmew,
Pxkrie Sox,m,2,10,Pxkrie,Sox,
Pxn Zbc,f,2,7,Pxn,Zbc,
Pyez Roh,m,2,8,Pyez,Roh,
Pzqv Whdxios,m,2,12,Pzqv,Whdxios,
Pzwaq Zynwr,f,2,11,Pzwaq,Zynwr,
Qanpjb Jhw,m,2,10,Qanpjb,Jhw,
Qbbazo Uesa,m,2,11,Qbbazo,Uesa,
Qbzcj Xab,f,2,9,Qbzcj,Xab,
Qcbmki Lybvdwj,m,2,14,Qcbmki,Lybvdwj,
Qdc Mqh,m,2,7,Qdc,Mqh,
Qdcqsts Zqdu,m,2,12,Qdcqsts,Zqdu,
Qdukh Qrkkg,m,2,11,Qdukh,Qrkkg,
Qdvxciv Jyiava,m,2,14,Qdvxciv,Jyiava,
Qeerey Hftjvd,m,2,13,Qeerey,Hftjvd,
Qfeu Tgg,m,2,8,Qfeu,Tgg,
Qgk Cajf,f,2,8,Qgk,Cajf,
Qgvb Wnbd,f,2,9,Qgvb,Wnbd,
Qgwlz Xyytv,f,2,11,Qgwlz,Xyytv,
Qhcer Zhl,m,2,9,Qhcer,Zhl,
Qhmtc Gokxrz,m,2,12,Qhmtc,Gokxrz,
Qjhjkmd Gboh,m,2,12,Qjhjkmd,Gboh,
Qjl Moijle,m,2,10,Qjl,Moijle,
Qju Jxg,m,2,7,Qju,Jxg,
Qkeb Qkql,f,2,9,Qkeb,Qkql,
Qlbigop Hklc,f,2,12,Qlbigop,Hklc,
Qmbmkh Aadtmem,f,2,14,Qmbmkh,Aadtmem,
Qmfhwfg Llgdcf,m,2,14,Qmfhwfg,Llgdcf,
Qmtm Dcltj,m,2,10,Qmtm,Dcltj,
Qmvgljt Wnzu,m,2,12,Qmvgljt,Wnzu,
Qnvvvke Cmedqbp,f,2,15,Qnvvvke,Cmedqbp,
Qocoz Eky,f,2,9,Qocoz,Eky,
Qojnf Brtwi,f,2,11,Qojnf,Brtwi,
Qpssma Ubhi,m,2,11,Qpssma,Ubhi,
Qpzzs Zsaiiy,m,2,12,Qpzzs,Zsaiiy,
Qqlyg Dnpha,m,2,11,Qqlyg,Dnpha,
Qqox Wfugxe,m,2,11,Qqox,Wfugxe,
Qrxa Bsufcvn,m,2,12,Qrxa,Bsufcvn,
Qsixwaw Auoo,m,2,12,Qsixwaw,Auoo,
Qtmrq Knro,m,2,10,Qtmrq,Knro,
Qul Vtkhc,f,2,9,Qul,Vtkhc,
Qvisk Fxnrd,m,2,11,Qvisk,Fxnrd,
Qvp Uadp,m,2,8,Qvp,Uadp,
Qvynu Vdfsrpx,m,2,13,Qvynu,Vdfsrpx,
Qwv Ino,m,2,7,Qwv,Ino,
Qxf Bbkf,m,2,8,Qxf,Bbkf,
Qxoy Jvwht,m,2,10,Qxoy,Jvwht,
Qyfcr Hrpmx,m,2,11,Qyfcr,Hrpmx,
Qyg Qoqkmi,f,2,10,Qyg,Qoqkmi,
Rahut Uzn,m,2,9,Rahut,Uzn,
Raja Yuda Buana,m,3,15,Raja,Yuda,Buana
Raymgqa Hoc,m,2,11,Raymgqa,Hoc,
Rbji Ufl,f,2,8,Rbji,Ufl,
Rdb Uemj,m,2,8,Rdb,Uemj,
Rdpcdq Ughmojf,f,2,14,Rdpcdq,Ughmojf,
Rdpvwn Ocfbm,f,2,12,Rdpvwn,Ocfbm,
Rfowix Ckvuo,m,2,12,Rfowix,Ckvuo,
Rgcnxsi Zgswoud,m,2,15,Rgcnxsi,Zgswoud,
Rgthjv Ixgu,f,2,11,Rgthjv,Ixgu,
Rhevch Etm,f,2,10,Rhevch,Etm,
Riqmsc Kkrcpqd,f,2,14,Riqmsc,Kkrcpqd,
Riteh Yyqqs,f,2,11,Riteh,Yyqqs,
Rizes Qxn,m,2,9,Rizes,Qxn,
Rjko Cqpun,f,2,10,Rjko,Cqpun,
Rjr Kwduy,m,2,9,Rjr,Kwduy,
Rjwf Gwelggn,f,2,12,Rjwf,Gwelggn,
Rjwro Gmkfqnn,f,2,13,Rjwro,Gmkfqnn,
Rkdw Uunel,m,2,10,Rkdw,Uunel,
Rlev Gcpniv,f,2,11,Rlev,Gcpniv,
Rlqt Erhmynu,m,2,12,Rlqt,Erhmynu,
Rmj Vjp,f,2,7,Rmj,Vjp,
Rmlci Iww,m,2,9,Rmlci,Iww,
Rmy Nwuid,m,2,9,Rmy,Nwuid,
Rnalve Kci,m,2,10,Rnalve,Kci,
Rnwgz Qgju,m,2,10,Rnwgz,Qgju,
Rnyu Wclvd,m,2,10,Rnyu,Wclvd,
Rqyirb Kzlmwt,m,2,13,Rqyirb,Kzlmwt,
Rra Cgmm,m,2,8,Rra,Cgmm,
Rria Upzk,f,2,9,Rria,Upzk,
Rtloapq Vkqnvnd,m,2,15,Rtloapq,Vkqnvnd,
Rtv Ylmd,m,2,8,Rtv,Ylmd,
Rtve Aoyytc,f,2,11,Rtve,Aoyytc,
Rujgd Jrepj,m,2,11,Rujgd,Jrepj,
Ruslan Putra Akhmad,m,3,19,Ruslan,Putra,Akhmad
Rwdq Ekpa,m,2,9,Rwdq,Ekpa,
Rwgcggd Gpmemn,m,2,14,Rwgcggd,Gpmemn,
Rwlrvct Jwpgby,m,2,14,Rwlrvct,Jwpgby,
Rwsqa Kbvrdui,m,2,13,Rwsqa,Kbvrdui,
Rwzsna Hqmopiz,f,2,14,Rwzsna,Hqmopiz,
Rxzeiuj Ewujfnx,m,2,15,Rxzeiuj,Ewujfnx,
Rygub Wgpggoe,f,2,13,Rygub,Wgpggoe,
Rywydxq Tny,f,2,11,Rywydxq,Tny,
Rzjas Bomz,m,2,10,Rzjas,Bomz,
Rzqcm Ndgeb,m,2,11,Rzqcm,Ndgeb,
Rztgzg Odsvg,m,2,12,Rztgzg,Odsvg,
Sari Hamidah,f,2,12,Sari,Hamidah,
Sawefr Oxjblwb,f,2,14,Sawefr,Oxjblwb,
Sayzw Tcqd,m,2,10,Sayzw,Tcqd,
Sbe Lzfgl,m,2,9,Sbe,Lzfgl,
Sbysznx Drmaczr,m,2,15,Sbysznx,Drmaczr,
Sclrxms Jjthq,m,2,13,Sclrxms,Jjthq,
Sct Wfbooxd,f,2,11,Sct,Wfbooxd,
Sebcc Dosb,m,2,10,Sebcc,Dosb,
Segk Ebq,m,2,8,Segk,Ebq,
Setiawan Guntur Hidayat,m,3,23,Setiawan,Guntur,Hidayat
Sevp Ffcpxfg,f,2,12,Sevp,Ffcpxfg,
Sfjuqn Dnwmit,m,2,13,Sfjuqn,Dnwmit,
Sgkiqto Wlmg,m,2,12,Sgkiqto,Wlmg,
Shogyys Hpdzasu,m,2,15,Shogyys,Hpdzasu,
Skbk Ctiqw,m,2,10,Skbk,Ctiqw,
Slbacj Mvgyt,f,2,12,Slbacj,Mvgyt,
Slyz Ntkvku,m,2,11,Slyz,Ntkvku,
Smbahws Afcgopw,m,2,15,Smbahws,Afcgopw,
Snz Jfytt,m,2,9,Snz,Jfytt,
Sookla Kkwxy,m,2,12,Sookla,Kkwxy,
Soqdn Arzcvps,f,2,13,Soqdn,Arzcvps,
Spafm Tpl,f,2,9,Spafm,Tpl,
Sphk Rcgj,m,2,9,Sphk,Rcgj,
Spqxhs Agj,m,2,10,Spqxhs,Agj,
Sqgw Bzhbqg,m,2,11,Sqgw,Bzhbqg,
Sqsd Wqssz,m,2,10,Sqsd,Wqssz,
Srfli Esmjd,f,2,11,Srfli,Esmjd,
Srhuyn Isz,f,2,10,Srhuyn,Isz,
Srm Aojiowb,m,2,11,Srm,Aojiowb,
Srtl Ozbka,m,2,10,Srtl,Ozbka,
Stj Qcgxky,m,2,10,Stj,Qcgxky,
Strcsiv Vzueeuh,m,2,15,Strcsiv,Vzueeuh,
Suau Ysjeud,m,2,11,Suau,Ysjeud,
Suexaa Fck,m,2,10,Suexaa,Fck,
Sulaiman Aditya Muhammad,m,3,24,Sulaiman,Aditya,Muhammad
Sygue Kywsja,m,2,12,Sygue,Kywsja,
Taes Ayrcro,m,2,11,Taes,Ayrcro,
Taotqtu Zemrebd,m,2,15,Taotqtu,Zemrebd,
Tarzi Dpfjp,m,2,11,Tarzi,Dpfjp,
Taxz Dlaoau,m,2,11,Taxz,Dlaoau,
Tbboio Uqchjhd,m,2,14,Tbboio,Uqchjhd,
Tbi Imgdkw,f,2,10,Tbi,Imgdkw,
Tbyvo Eipls,m,2,11,Tbyvo,Eipls,
Tcdewj Oykxkod,f,2,14,Tcdewj,Oykxkod,
Tcgl Shzhn,m,2,10,Tcgl,Shzhn,
Tcx Pesez,m,2,9,Tcx,Pesez,
Tdadiv Cuytj,m,2,12,Tdadiv,Cuytj,
Tdty Czuurqe,m,2,12,Tdty,Czuurqe,
Tevgwm Blnh,m,2,11,Tevgwm,Blnh,
Tfrudrf Sbjvdqp,m,2,15,Tfrudrf,Sbjvdqp,
Tgb Staizat,f,2,11,Tgb,Staizat,
Thd Fxfrm,m,2,9,Thd,Fxfrm,
Tixowv Gru,f,2,10,Tixowv,Gru,
Tkezewo Qjuty,m,2,13,Tkezewo,Qjuty,
Tkjz Qjrihiw,m,2,12,Tkjz,Qjrihiw,
Tlvpqyu Ijvv,f,2,12,Tlvpqyu,Ijvv,
Tmjvn Vcvunj,m,2,12,Tmjvn,Vcvunj,
Tmrri Weiyhqu,m,2,13,Tmrri,Weiyhqu,
Tmrwfh Livegbk,m,2,14,Tmrwfh,Livegbk,
Tno Oixsxp,m,2,10,Tno,Oixsxp,
Ton Yoe,f,2,7,Ton,Yoe,
Tpchwbl Kqdiy,m,2,13,Tpchwbl,Kqdiy,
Tqkcjzg Qown,m,2,12,Tqkcjzg,Qown,
Tqwuvq Rfsyff,f,2,13,Tqwuvq,Rfsyff,
Tqxjmwn Nksvrgb,m,2,15,Tqxjmwn,Nksvrgb,
Tri Sri Cahya,f,3,13,Tri,Sri,Cahya
Tsj Pfznxd,f,2,10,Tsj,Pfznxd,
Tsyurwm Ztbwr,m,2,13,Tsyurwm,Ztbwr,
Ttfboq Dsufvmz,f,2,14,Ttfboq,Dsufvmz,
Ttiizt Ijm,m,2,10,Ttiizt,Ijm,
Tukl Qwe,m,2,8,Tukl,Qwe,
Tvmu Imrjvy,m,2,11,Tvmu,Imrjvy,
Tvtcz Ckxlbqf,f,2,13,Tvtcz,Ckxlbqf,
Twlum Zxesja,m,2,12,Twlum,Zxesja,
Txclzfz Bfmwh,m,2,13,Txclzfz,Bfmwh,
Txlyrb Rapmt,m,2,12,Txlyrb,Rapmt,
Tyfx Hiqkwej,f,2,12,Tyfx,Hiqkwej,
Tyuhdlz Tthkewu,m,2,15,Tyuhdlz,Tthkewu,
Tyv Dbmv,m,2,8,Tyv,Dbmv,
Tzjmuw Lwg,m,2,10,Tzjmuw,Lwg,
Uboh Gzgxv,f,2,10,Uboh,Gzgxv,
Ubxrtpv Ibwcx,m,2,13,Ubxrtpv,Ibwcx,
Ucdora Lotl,m,2,11,Ucdora,Lotl,
Ucx Zeo,f,2,7,Ucx,Zeo,
Udlrv Oys,m,2,9,Udlrv,Oys,
Uhurnhl Ryx,f,2,11,Uhurnhl,Ryx,
Uivwfnh Jxzp,f,2,12,Uivwfnh,Jxzp,
Ula Ikes,m,2,8,Ula,Ikes,
Ulajpwd Qlflwbe,f,2,15,Ulajpwd,Qlflwbe,
Ulwwxs Uri,f,2,10,Ulwwxs,Uri,
Umbhlq Muww,m,2,11,Umbhlq,Muww,
Unim Qhwz,m,2,9,Unim,Qhwz,
Uoaa Rdsq,m,2,9,Uoaa,Rdsq,
Uoeevqs Nws,m,2,11,Uoeevqs,Nws,
Upq Nzq,m,2,7,Upq,Nzq,
Upvxv Smpo,m,2,10,Upvxv,Smpo,
Uriu Czcq,m,2,9,Uriu,Czcq,
Uryrrpa Tgtnk,m,2,13,Uryrrpa,Tgtnk,
Usl Qekka,m,2,9,Usl,Qekka,
Usman Faisal Cahya,m,3,18,Usman,Faisal,Cahya
Usokbe Gomxoc,m,2,13,Usokbe,Gomxoc,
Usuj Btefeik,f,2,12,Usuj,Btefeik,
Utkhyps Mdh,f,2,11,Utkhyps,Mdh,
Utms Wktb,m,2,9,Utms,Wktb,
Utvk Qvu,m,2,8,Utvk,Qvu,
Uvj Oaulv,m,2,9,Uvj,Oaulv,
Uwmfyf Vaaiauw,m,2,14,Uwmfyf,Vaaiauw,
Uwqt Fovzh,m,2,10,Uwqt,Fovzh,
Uxavzn Afktu,m,2,12,Uxavzn,Afktu,
Uxxsg Bbrwddy,m,2,13,Uxxsg,Bbrwddy,
Uyic Gfhsc,m,2,10,Uyic,Gfhsc,
Uyic Zjtzo,f,2,10,Uyic,Zjtzo,
Uzd Mci,f,2,7,Uzd,Mci,
Uzgrwee Kkjo,f,2,12,Uzgrwee,Kkjo,
Uzqfmiz Nhr,m,2,11,Uzqfmiz,Nhr,
Vaekpw Yyfxrkv,f,2,14,Vaekpw,Yyfxrkv,
Vbg Pxnelhg,m,2,11,Vbg,Pxnelhg,
Vdap Elibxsx,m,2,12,Vdap,Elibxsx,
Vdauzc Jkex,m,2,11,Vdauzc,Jkex,
Ved Kqhbce,f,2,10,Ved,Kqhbce,
Vfpor Lmj,m,2,9,Vfpor,Lmj,
Vgib Nueeb,f,2,10,Vgib,Nueeb,
Vgnyk Ccp,m,2,9,Vgnyk,Ccp,
Vgz Dskew,f,2,9,Vgz,Dskew,
Vhng Ggmnpwk,m,2,12,Vhng,Ggmnpwk,
Vihmgek Rfh,f,2,11,Vihmgek,Rfh,
Vkdvjbn Jyvus,m,2,13,Vkdvjbn,Jyvus,
Vkwsd Dpcjs,m,2,11,Vkwsd,Dpcjs,
Vlntkav Ngsfr,m,2,13,Vlntkav,Ngsfr,
Vmkk Tmcdk,f,2,10,Vmkk,Tmcdk,
Vnau Ozoopy,m,2,11,Vnau,Ozoopy,
Vnhlwe Natny,m,2,12,Vnhlwe,Natny,
Vnjthp Tamuj,m,2,12,Vnjthp,Tamuj,
Voydodf Ubmz,f,2,12,Voydodf,Ubmz,
Vpafe Fqgbvw,m,2,12,Vpafe,Fqgbvw,
Vpalqzh Vlz,m,2,11,Vpalqzh,Vlz,
Vpcmz Allc,f,2,10,Vpcmz,Allc,
Vupbgoo Fpar,m,2,12,Vupbgoo,Fpar,
Vwkfib Nqchvjd,f,2,14,Vwkfib,Nqchvjd,
Vwtctn Vtuhzxz,m,2,14,Vwtctn,Vtuhzxz,
Vxdhg Ofgc,f,2,10,Vxdhg,Ofgc,
Vymenv Uuitp,f,2,12,Vymenv,Uuitp,
Vyvo Ltuk,m,2,9,Vyvo,Ltuk,
Vzzrgs Msjcd,m,2,12,Vzzrgs,Msjcd,
Wahyu Ilham,m,2,11,Wahyu,Ilham,
Wahyu Iman,m,2,10,Wahyu,Iman,
Wcosu Zpt,f,2,9,Wcosu,Zpt,
Wcpwbtr Dlnxyq,m,2,14,Wcpwbtr,Dlnxyq,
Wdwkh Spdmrjj,m,2,13,Wdwkh,Spdmrjj,
Wejcak Kyr,f,2,10,Wejcak,Kyr,
Wek Xoh,m,2,7,Wek,Xoh,
Wexsj Crb,f,2,9,Wexsj,Crb,
Wfnnmea Opl,m,2,11,Wfnnmea,Opl,
Wfsv Pcec,m,2,9,Wfsv,Pcec,
Wgoydpz Qye,m,2,11,Wgoydpz,Qye,
Wgt Whu,f,2,7,Wgt,Whu,
Whli Axl,m,2,8,Whli,Axl,
Wiqosrp Oxx,m,2,11,Wiqosrp,Oxx,
Wjewk Vjdtphy,m,2,13,Wjewk,Vjdtphy,
Wjii Nmxi,m,2,9,Wjii,Nmxi,
Wjwjks Fnqhv,f,2,12,Wjwjks,Fnqhv,
Wltbmc Emfx,m,2,11,Wltbmc,Emfx,
Wmuqgs Qckkcj,m,2,13,Wmuqgs,Qckkcj,
Wmvq Lpxfyge,m,2,12,Wmvq,Lpxfyge,
Wmy Pfifd,m,2,9,Wmy,Pfifd,
Wnxxnqq Ltloeer,f,2,15,Wnxxnqq,Ltloeer,
Wnzn Ockhl,m,2,10,Wnzn,Ockhl,
Wofk Wcg,m,2,8,Wofk,Wcg,
Woie Vvt,m,2,8,Woie,Vvt,
Woqc Bgbqmg,m,2,11,Woqc,Bgbqmg,
Wpimk Hfncj,f,2,11,Wpimk,Hfncj,
Wpptg Djgmu,f,2,11,Wpptg,Djgmu,
Wprl Vhtyvrb,m,2,12,Wprl,Vhtyvrb,
Wqigyo Fbd,m,2,10,Wqigyo,Fbd,
Wrbtdoq Fcubpgw,f,2,15,Wrbtdoq,Fcubpgw,
Wseje Jdufgsq,m,2,13,Wseje,Jdufgsq,
Wsoflj Dohaf,m,2,12,Wsoflj,Dohaf,
Wuakn Ygf,m,2,9,Wuakn,Ygf,
Wvy Srt,f,2,7,Wvy,Srt,
Wwntwd Fyptzt,m,2,13,Wwntwd,Fyptzt,
Wxfqy Abes,m,2,10,Wxfqy,Abes,
Wxsiwc Nzwhuix,f,2,14,Wxsiwc,Nzwhuix,
Wxt Cbj,m,2,7,Wxt,Cbj,
Wyqyvgd Bnmskh,m,2,14,Wyqyvgd,Bnmskh,
Xaav Fim,m,2,8,Xaav,Fim,
Xaby Dedzah,m,2,11,Xaby,Dedzah,
Xafisep Jilpxe,f,2,14,Xafisep,Jilpxe,
Xawy Tmd,m,2,8,Xawy,Tmd,
Xaxvxq Clse,f,2,11,Xaxvxq,Clse,
Xber Vlyg,m,2,9,Xber,Vlyg,
Xbhrhvb Ctf,f,2,11,Xbhrhvb,Ctf,
Xbso Bfmvweq,m,2,12,Xbso,Bfmvweq,
Xccu Lssow,f,2,10,Xccu,Lssow,
Xfjxpww Fijdj,m,2,13,Xfjxpww,Fijdj,
Xha Pykieet,m,2,11,Xha,Pykieet,
Xhgimr Yie,m,2,10,Xhgimr,Yie,
Xhhz Vykqaod,f,2,12,Xhhz,Vykqaod,
Xis Olwfxik,m,2,11,Xis,Olwfxik,
Xjdzwl Ufl,m,2,10,Xjdzwl,Ufl,
Xjug Ztccr,f,2,10,Xjug,Ztccr,
Xkbmces Laokb,f,2,13,Xkbmces,Laokb,
Xkgnvoa Cdchlf,m,2,14,Xkgnvoa,Cdchlf,
Xlb Gtpq,m,2,8,Xlb,Gtpq,
Xlsm Ucictr,f,2,11,Xlsm,Ucictr,
Xmxl Fyput,m,2,10,Xmxl,Fyput,
Xox Qwmhcpg,m,2,11,Xox,Qwmhcpg,
Xpas Yfq,m,2,8,Xpas,Yfq,
Xqnlci Cdsb,m,2,11,Xqnlci,Cdsb,
Xrhbqk Nxkv,f,2,11,Xrhbqk,Nxkv,
Xsauwj Cry,f,2,10,Xsauwj,Cry,
Xtj Fxi,m,2,7,Xtj,Fxi,
Xtvqir Ilvb,m,2,11,Xtvqir,Ilvb,
Xtzes Dfyt,f,2,10,Xtzes,Dfyt,
Xwwepm Xbve,m,2,11,Xwwepm,Xbve,
Xxw Fprb,m,2,8,Xxw,Fprb,
Xzs Pxxo,f,2,8,Xzs,Pxxo,
Yae Bqd,m,2,7,Yae,Bqd,
Yari Iyvrn,m,2,10,Yari,Iyvrn,
Yayd Lwot,m,2,9,Yayd,Lwot,
Yayx Obav,f,2,9,Yayx,Obav,
Ybv Ylr,m,2,7,Ybv,Ylr,
Ycf Vmppfr,m,2,10,Ycf,Vmppfr,
Ydki Wze,f,2,8,Ydki,Wze,
Ydkrjw Lyy,m,2,10,Ydkrjw,Lyy,
Ydlyhh Uxygfal,f,2,14,Ydlyhh,Uxygfal,
Ydpvyt Mzb,m,2,10,Ydpvyt,Mzb,
Ydtmyva Yoakfu,m,2,14,Ydtmyva,Yoakfu,
Yduu Rzsxa,m,2,10,Yduu,Rzsxa,
Yegyn Nqbszr,f,2,12,Yegyn,Nqbszr,
Yeyv Gwtzdp,m,2,11,Yeyv,Gwtzdp,
Yfbhx Rwuc,m,2,10,Yfbhx,Rwuc,
Yffsrz Ejqbg,m,2,12,Yffsrz,Ejqbg,
Yfmrrm Vmzx,f,2,11,Yfmrrm,Vmzx,
Ygnkge Mmpumy,m,2,13,Ygnkge,Mmpumy,
Ygqr Sfoieu,m,2,11,Ygqr,Sfoieu,
Yhqzzr Qyyz,f,2,11,Yhqzzr,Qyyz,
Yie Otcjpz,f,2,10,Yie,Otcjpz,
Yjefn Wiwcyed,f,2,13,Yjefn,Wiwcyed,
Yjftn Iwjismk,f,2,13,Yjftn,Iwjismk,
Yjzkibk Sxynj,f,2,13,Yjzkibk,Sxynj,
Yluwddz Ighfi,f,2,13,Yluwddz,Ighfi,
Ymrcb Qetzq,m,2,11,Ymrcb,Qetzq,
Yqsg Fxyk,m,2,9,Yqsg,Fxyk,
Yqubeym Ywc,m,2,11,Yqubeym,Ywc,
Ysusijh Oaqo,m,2,12,Ysusijh,Oaqo,
Ytadd Decszt,f,2,12,Ytadd,Decszt,
Yunqd Swrjk,m,2,11,Yunqd,Swrjk,
Yvbbhvb Ifsroux,f,2,15,Yvbbhvb,Ifsroux,
Yvcpdxu Nmus,m,2,12,Yvcpdxu,Nmus,
Yvg Ficztqw,m,2,11,Yvg,Ficztqw,
Yvreudo Dxm,f,2,11,Yvreudo,Dxm,
Ywo Qyxnm,f,2,9,Ywo,Qyxnm,
Yxnvma Trsx,m,2,11,Yxnvma,Trsx,
Yysun Akpjvwy,f,2,13,Yysun,Akpjvwy,
Yyueh Nwblkfy,m,2,13,Yyueh,Nwblkfy,
Yyvdztg Duugq,m,2,13,Yyvdztg,Duugq,
Zasj Ofjv,m,2,9,Zasj,Ofjv,
Zbggy Midlq,m,2,11,Zbggy,Midlq,
Zcokvn Yqttfb,m,2,13,Zcokvn,Yqttfb,
Zdg Saptitp,f,2,11,Zdg,Saptitp,
Zdzzqrs Ydfcffu,m,2,15,Zdzzqrs,Ydfcffu,
Zevbsu Clqnzyd,m,2,14,Zevbsu,Clqnzyd,
Zgwuu Lnr,m,2,9,Zgwuu,Lnr,
Zhcnkum Zzdp,m,2,12,Zhcnkum,Zzdp,
Zhlowzo Twbdvq,f,2,14,Zhlowzo,Twbdvq,
Zjb Zaynjph,m,2,11,Zjb,Zaynjph,
Zjdzfx Nucu,m,2,11,Zjdzfx,Nucu,
Zkga Meftjb,m,2,11,Zkga,Meftjb,
Zlc Vxgknm,m,2,10,Zlc,Vxgknm,
Zlfzcq Atcd,m,2,11,Zlfzcq,Atcd,
Zljg Rtcgq,m,2,10,Zljg,Rtcgq,
Zltrjl Wdbj,f,2,11,Zltrjl,Wdbj,
Zndzybr Ubq,f,2,11,Zndzybr,Ubq,
Zogehxx Vxzw,m,2,12,Zogehxx,Vxzw,
Zomcrww Nbsdtaq,f,2,15,Zomcrww,Nbsdtaq,
Zoo Xed,f,2,7,Zoo,Xed,
Zps Esxb,m,2,8,Zps,Esxb,
Zqn Ietc,f,2,8,Zqn,Ietc,
Zqpemg Ngipdg,f,2,13,Zqpemg,Ngipdg,
Zrefl Vyums,m,2,11,Zrefl,Vyums,
Zreh Tdpefg,m,2,11,Zreh,Tdpefg,
Zrmg Juzhd,m,2,10,Zrmg,Juzhd,
Zsbug Dtrv,m,2,10,Zsbug,Dtrv,
Zsffc Hks,f,2,9,Zsffc,Hks,
Zsguyp Hlbvrln,m,2,14,Zsguyp,Hlbvrln,
Zsic Afghyfz,m,2,12,Zsic,Afghyfz,
Zsx Gqei,m,2,8,Zsx,Gqei,
Ztlgjp Sfc,m,2,10,Ztlgjp,Sfc,
Ztoe Wzwdbw,f,2,11,Ztoe,Wzwdbw,
Zui Bfhh,f,2,8,Zui,Bfhh,
Zveh Crtjwyb,m,2,12,Zveh,Crtjwyb,
Zvs Upxgfha,m,2,11,Zvs,Upxgfha,
Zwt Yziez,m,2,9,Zwt,Yziez,
Zxdactf Buma,m,2,12,Zxdactf,Buma,
Zxipb Pfmkruz,f,2,13,Zxipb,Pfmkruz,
Zxkontd Hicrpl,f,2,14,Zxkontd,Hicrpl,
Zxv Xtuss,m,2,9,Zxv,Xtuss,
Zyjr Cqdyrdf,f,2,12,Zyjr,Cqdyrdf,
Zzb Zavqlj,f,2,10,Zzb,Zavqlj,
Zzemb Swey,f,2,10,Zzemb,Swey,
Zztbxk Yvnwln,m,2,13,Zztbxk,Yvnwln,
